method,n_runs,seeds,CEA_mean,CEA_std,CEA_ci95,abstain_mean,abstain_std,abstain_ci95,AUROC_mean,AUROC_std,AUROC_ci95,resolv.acc_mean,resolv.acc_std,resolv.acc_ci95,FPCR_mean,FPCR_std,FPCR_ci95,AbsRel_mean,AbsRel_std,AbsRel_ci95,RMSE_mean,RMSE_std,RMSE_ci95,MAE_MCRB_mean,MAE_MCRB_std,MAE_MCRB_ci95,regret_mean,regret_std,regret_ci95,motion_mean,motion_std,motion_ci95
entropy_nbv,11,"[1, 2, 3, 4, 5, 6, 7, 8, 9, 10, 42]",0.3709371753193592,0.05022649192383474,0.03374051364860975,0.4749221696779168,0.06939558217846409,0.04661768118697868,0.8981580268193542,0.025636590070459382,0.017221822270363864,0.8681027189073164,0.02543279022973467,0.017084916206568206,0.0,0.0,0.0,0.24624618730944994,0.04158890320156412,0.027938064203866634,0.43967192026188184,0.06674541883465836,0.044837388177299264,0.0019745513886505923,0.0025986318224108665,0.0017456758199383168,0.6270828098749551,0.047020600442140834,0.03158690066170066,0.09074382110588883,0.00401946565564426,0.0027001454933392633
intervene3d,11,"[1, 2, 3, 4, 5, 6, 7, 8, 9, 10, 42]",0.5600112307870928,0.03241705838359772,0.021776718997181557,0.3430248885852334,0.05032402013771494,0.03380602991115381,1.0,0.0,0.0,1.0,0.0,0.0,0.0,0.0,0.0,0.182064588294239,0.0282372128805581,0.01896883557067724,0.3173281790272792,0.0559383647404517,0.037577562889883405,0.0009839129423175295,0.0026291751573103627,0.0017661938328151325,0.22541344344074973,0.07590802767463112,0.05099252895620895,0.2592579085841683,0.02068451434502019,0.013895179851130113
intervene3d_no_abstention,11,"[1, 2, 3, 4, 5, 6, 7, 8, 9, 10, 42]",0.7215055022669964,0.02881387043526144,0.01935621524522323,0.0,0.0,0.0,1.0,0.0,0.0,1.0,0.0,0.0,0.8317141124915572,0.10682781081313895,0.07176342744099459,0.182064588294239,0.0282372128805581,0.01896883557067724,0.3173281790272792,0.0559383647404517,0.037577562889883405,0.0009839129423175295,0.0026291751573103627,0.0017661938328151325,0.22541344344074973,0.07590802767463112,0.05099252895620895,0.2592579085841683,0.02068451434502019,0.013895179851130113
intervene3d_no_hypothesis_conditioning,11,"[1, 2, 3, 4, 5, 6, 7, 8, 9, 10, 42]",0.0,0.0,0.0,1.0,0.0,0.0,0.5,0.0,0.0,0.3430248885852334,0.05032402013771494,0.03380602991115381,0.0,0.0,0.0,0.40591296906952135,0.03560820146717052,0.023920424492863603,0.7355209372159641,0.0583826820576647,0.03921957527506098,nan,nan,nan,0.6052453844991557,0.0487950839512792,0.03277894061444328,0.04999999999999998,1.1610990315520314e-17,7.799883332659761e-18
intervene3d_noisy_encoder,11,"[1, 2, 3, 4, 5, 6, 7, 8, 9, 10, 42]",0.5566506466075432,0.03388004679125304,0.022759506734201025,0.3417388183336459,0.05397754947380245,0.036260351360017706,0.9942148760330579,0.016400326177328457,0.011017202437051161,0.9966240655895828,0.008149931168220534,0.005474857058174973,0.007905138339920948,0.02621837778937075,0.017612648221343875,0.1877614692328677,0.025994966728856216,0.017462567981856476,0.3383789843277215,0.05180000315369251,0.03479754700080496,0.0039727099256661935,0.005506856984151136,0.0036993263140187743,0.22331097264304772,0.06598301034454059,0.04432522710290761,0.2609401937851317,0.02044128397720627,0.013731785649571561
max_baseline_intervention,11,"[1, 2, 3, 4, 5, 6, 7, 8, 9, 10, 42]",0.5017565278484818,0.06075754571219703,0.040814930962470845,0.3903898660938891,0.07438989962854502,0.04997270021449668,0.9625628734116355,0.027787221357266686,0.018666545990979007,0.9526350224913444,0.030800891584747078,0.020691031029609744,0.0,0.0,0.0,0.21147965071997563,0.0352288415012558,0.023665582882044123,0.3769355081531163,0.05868627588052767,0.03942351967037084,0.002421921067503254,0.003095513638395206,0.002079464763816554,0.3533208636011824,0.033659585197809545,0.022611407850172762,0.2999999999999999,1.0677783136387645e-16,7.172985288252156e-17
passive_multiview_classifier,11,"[1, 2, 3, 4, 5, 6, 7, 8, 9, 10, 42]",0.6212583207554473,0.045552832425288306,0.03060090213963178,0.0,0.0,0.0,0.7483009252665707,0.06472860625863552,0.043482559487468056,0.6569751114147667,0.050324020137714934,0.03380602991115381,0.8677841381645728,0.10741773681363848,0.0721597204232261,nan,nan,nan,nan,nan,nan,nan,nan,nan,nan,nan,nan,0.19999999999999993,4.6443961262081255e-17,3.1199533330639045e-17
random_intervention,11,"[1, 2, 3, 4, 5, 6, 7, 8, 9, 10, 42]",0.4093748678949829,0.05576668603594158,0.03746223475425563,0.43951221617888286,0.07109906091292331,0.04776202245567203,0.9250977808914151,0.024249942156803966,0.016290317579025774,0.9035126724063506,0.0247742825592946,0.016642552302756446,0.0,0.0,0.0,0.24787604858966167,0.0377452054842203,0.025355993859598244,0.44498991904424817,0.06559924630333287,0.044067426978426485,0.0014738772303544466,0.002704400682913377,0.0018167278792140184,0.566794005078179,0.03765513168960674,0.025295485231977,0.13867910714818957,0.011956320882912664,0.008031865107139506
single_frame_classifier,11,"[1, 2, 3, 4, 5, 6, 7, 8, 9, 10, 42]",0.33333333333333337,5.822058658345462e-17,3.911068483994446e-17,0.0,0.0,0.0,0.5048487288396157,0.06645728761405478,0.04464383105218473,0.6569751114147667,0.050324020137714934,0.03380602991115381,0.0,0.0,0.0,nan,nan,nan,nan,nan,nan,nan,nan,nan,nan,nan,nan,0.0,0.0,0.0
